k,regressor,VA,RMSE,r2,type,dynamic,feature_sel,method,Ptresh,max_feat
0,LR,V(mean),0.12235080716196738,0.3732574869009068,audio,False,False,none,0.0,0
0,Lasso,V(mean),0.16209141940693142,-0.05571947349344177,audio,False,False,none,0.0,0
0,ElasticNet,V(mean),0.16209141940693142,-0.05571947349344177,audio,False,False,none,0.0,0
0,Ridge,V(mean),0.11991964486181805,0.39983705918794443,audio,False,False,none,0.0,0
0,kNN,V(mean),0.12569584467593026,0.3567861353977569,audio,False,False,none,0.0,0
0,SVRrbf,V(mean),0.11944532385717119,0.41841115175466415,audio,False,False,none,0.0,0
0,SVRpoly,V(mean),0.21146346435090213,-2.2327862671690526,audio,False,False,none,0.0,0
0,SVRlinear,V(mean),0.12694853968722417,0.3325408311681418,audio,False,False,none,0.0,0
0,DT,V(mean),0.14366007139300135,0.1548774798941049,audio,False,False,none,0.0,0
0,RF,V(mean),0.12778555255645485,0.34845736596836174,audio,False,False,none,0.0,0
0,LR,A(mean),0.10196600653958685,0.6694580700247013,audio,False,False,none,0.0,0
0,Lasso,A(mean),0.18445236779445312,-0.039253879148525336,audio,False,False,none,0.0,0
0,ElasticNet,A(mean),0.18445236779445312,-0.039253879148525336,audio,False,False,none,0.0,0
0,Ridge,A(mean),0.10040690566922923,0.6801567976944228,audio,False,False,none,0.0,0
0,kNN,A(mean),0.11894239449959262,0.5579428866309507,audio,False,False,none,0.0,0
0,SVRrbf,A(mean),0.1125848387787018,0.606472942449023,audio,False,False,none,0.0,0
0,SVRpoly,A(mean),0.20860289475516686,-1.1148067076456567,audio,False,False,none,0.0,0
0,SVRlinear,A(mean),0.10614125513343209,0.6436073552424288,audio,False,False,none,0.0,0
0,DT,A(mean),0.12881238624627436,0.47862856070871607,audio,False,False,none,0.0,0
0,RF,A(mean),0.13140360804209322,0.4301998229833658,audio,False,False,none,0.0,0
0,LR,V(std),0.05124509974024043,-0.34949953592372235,audio,False,False,none,0.0,0
0,Lasso,V(std),0.04589012877926229,-0.02637164777788272,audio,False,False,none,0.0,0
0,ElasticNet,V(std),0.04589012877926229,-0.02637164777788272,audio,False,False,none,0.0,0
0,Ridge,V(std),0.050959406428952914,-0.33422584631882746,audio,False,False,none,0.0,0
0,kNN,V(std),0.049335852236088114,-0.18692818444252685,audio,False,False,none,0.0,0
0,SVRrbf,V(std),0.046765278364388464,-0.07069708917179858,audio,False,False,none,0.0,0
0,SVRpoly,V(std),0.048059976006402515,-0.13591425465501766,audio,False,False,none,0.0,0
0,SVRlinear,V(std),0.047506610024205594,-0.10420586373820524,audio,False,False,none,0.0,0
0,DT,V(std),0.0526452882964004,-0.34896512186744255,audio,False,False,none,0.0,0
0,RF,V(std),0.04537763921113426,-0.008314012130022575,audio,False,False,none,0.0,0
0,LR,A(std),0.046581556131881224,0.006569174860731497,audio,False,False,none,0.0,0
0,Lasso,A(std),0.047309449376286436,-0.01277272859291274,audio,False,False,none,0.0,0
0,ElasticNet,A(std),0.047309449376286436,-0.01277272859291274,audio,False,False,none,0.0,0
0,Ridge,A(std),0.04555978287513522,0.0505515380375144,audio,False,False,none,0.0,0
0,kNN,A(std),0.04708860764045285,-0.00854733648225604,audio,False,False,none,0.0,0
0,SVRrbf,A(std),0.0500740079460676,-0.14325946632928577,audio,False,False,none,0.0,0
0,SVRpoly,A(std),0.049651983722935646,-0.12346085520299462,audio,False,False,none,0.0,0
0,SVRlinear,A(std),0.04897755513065936,-0.0970226906298465,audio,False,False,none,0.0,0
0,DT,A(std),0.05107198969191716,-0.17208675037933904,audio,False,False,none,0.0,0
0,RF,A(std),0.0443000006897945,0.07355598052853506,audio,False,False,none,0.0,0
1,LR,V(mean),0.11820202225802956,0.4279777167711229,audio,False,True,Pearson,0.1,0
1,Lasso,V(mean),0.16209141940693142,-0.05571947349344177,audio,False,True,Pearson,0.1,0
1,ElasticNet,V(mean),0.16209141940693142,-0.05571947349344177,audio,False,True,Pearson,0.1,0
1,Ridge,V(mean),0.11713383526084606,0.43744393987243557,audio,False,True,Pearson,0.1,0
1,kNN,V(mean),0.12315009462100854,0.3793427351476318,audio,False,True,Pearson,0.1,0
1,SVRrbf,V(mean),0.12170448754976634,0.39527007355751514,audio,False,True,Pearson,0.1,0
1,SVRpoly,V(mean),0.16140557953428952,-0.13947024073231348,audio,False,True,Pearson,0.1,0
1,SVRlinear,V(mean),0.11988875352943926,0.4128224851622351,audio,False,True,Pearson,0.1,0
1,DT,V(mean),0.1433538341039849,0.15241501749984246,audio,False,True,Pearson,0.1,0
1,RF,V(mean),0.12328337188047496,0.38184854093996423,audio,False,True,Pearson,0.1,0
1,LR,A(mean),0.10218824452251704,0.6667308492203301,audio,False,True,Pearson,0.1,0
1,Lasso,A(mean),0.18445236779445312,-0.039253879148525336,audio,False,True,Pearson,0.1,0
1,ElasticNet,A(mean),0.18445236779445312,-0.039253879148525336,audio,False,True,Pearson,0.1,0
1,Ridge,A(mean),0.10120738315297058,0.6735622983155034,audio,False,True,Pearson,0.1,0
1,kNN,A(mean),0.11818333917277872,0.5600770887844841,audio,False,True,Pearson,0.1,0
1,SVRrbf,A(mean),0.11265728148575575,0.6049667499643423,audio,False,True,Pearson,0.1,0
1,SVRpoly,A(mean),0.153334247828189,0.2616609332306801,audio,False,True,Pearson,0.1,0
1,SVRlinear,A(mean),0.1054770904183244,0.6435394940613095,audio,False,True,Pearson,0.1,0
1,DT,A(mean),0.1268775181326904,0.4934983124077391,audio,False,True,Pearson,0.1,0
1,RF,A(mean),0.13007469047378012,0.4974550985888796,audio,False,True,Pearson,0.1,0
1,LR,V(std),0.046163882210317315,-0.04087592399945174,audio,False,True,Pearson,0.1,0
1,Lasso,V(std),0.04589012877926229,-0.02637164777788272,audio,False,True,Pearson,0.1,0
1,ElasticNet,V(std),0.04589012877926229,-0.02637164777788272,audio,False,True,Pearson,0.1,0
1,Ridge,V(std),0.04598452322315176,-0.03138267292816068,audio,False,True,Pearson,0.1,0
1,kNN,V(std),0.04830251707054693,-0.1387563594156826,audio,False,True,Pearson,0.1,0
1,SVRrbf,V(std),0.04692727960545019,-0.07819748099241944,audio,False,True,Pearson,0.1,0
1,SVRpoly,V(std),0.049068871468378975,-0.1806737628014155,audio,False,True,Pearson,0.1,0
1,SVRlinear,V(std),0.048614826278762735,-0.15928989882969918,audio,False,True,Pearson,0.1,0
1,DT,V(std),0.04927338768242699,-0.19450877645504955,audio,False,True,Pearson,0.1,0
1,RF,V(std),0.04607170469427056,-0.012907055132622969,audio,False,True,Pearson,0.1,0
1,LR,A(std),0.04433176666307977,0.10259371086733268,audio,False,True,Pearson,0.1,0
1,Lasso,A(std),0.047309449376286436,-0.01277272859291274,audio,False,True,Pearson,0.1,0
1,ElasticNet,A(std),0.047309449376286436,-0.01277272859291274,audio,False,True,Pearson,0.1,0
1,Ridge,A(std),0.043920141343309106,0.11916688919155824,audio,False,True,Pearson,0.1,0
1,kNN,A(std),0.04751768780855576,-0.0274993380144526,audio,False,True,Pearson,0.1,0
1,SVRrbf,A(std),0.050135752245516044,-0.14675294265301062,audio,False,True,Pearson,0.1,0
1,SVRpoly,A(std),0.04945744009394722,-0.11516781371583065,audio,False,True,Pearson,0.1,0
1,SVRlinear,A(std),0.05060693406366492,-0.17247686798147902,audio,False,True,Pearson,0.1,0
1,DT,A(std),0.05104503634192562,-0.20745114504965717,audio,False,True,Pearson,0.1,0
1,RF,A(std),0.04406688686544839,0.14453462983950674,audio,False,True,Pearson,0.1,0
2,LR,V(mean),0.11000369922758502,0.5058779881226256,audio,False,True,backward,0.0,0
2,Lasso,V(mean),0.16209141940693142,-0.05571947349344177,audio,False,True,backward,0.0,0
2,ElasticNet,V(mean),0.16209141940693142,-0.05571947349344177,audio,False,True,backward,0.0,0
2,Ridge,V(mean),0.10994810123628987,0.5057312085491272,audio,False,True,backward,0.0,0
2,kNN,V(mean),0.12523184716956032,0.364740284863207,audio,False,True,backward,0.0,0
2,SVRrbf,V(mean),0.1194700910397106,0.41612366003564405,audio,False,True,backward,0.0,0
2,SVRpoly,V(mean),0.16633205202179252,-0.18563476179427504,audio,False,True,backward,0.0,0
2,SVRlinear,V(mean),0.11059791891243823,0.5014471978502306,audio,False,True,backward,0.0,0
2,DT,V(mean),0.13888990923113295,0.21184106781210899,audio,False,True,backward,0.0,0
2,RF,V(mean),0.12456031809583809,0.3670438083198845,audio,False,True,backward,0.0,0
2,LR,A(mean),0.09326857119630548,0.7250732021273639,audio,False,True,backward,0.0,0
2,Lasso,A(mean),0.18445236779445312,-0.039253879148525336,audio,False,True,backward,0.0,0
2,ElasticNet,A(mean),0.18445236779445312,-0.039253879148525336,audio,False,True,backward,0.0,0
2,Ridge,A(mean),0.09339138170051615,0.7234106868208894,audio,False,True,backward,0.0,0
2,kNN,A(mean),0.11866316795115009,0.5633417517055292,audio,False,True,backward,0.0,0
2,SVRrbf,A(mean),0.10894973908454963,0.629877565020094,audio,False,True,backward,0.0,0
2,SVRpoly,A(mean),0.20366746496620367,-1.2338797047093422,audio,False,True,backward,0.0,0
2,SVRlinear,A(mean),0.09400259558734594,0.7211903389518499,audio,False,True,backward,0.0,0
2,DT,A(mean),0.13113017749163064,0.46238191836025955,audio,False,True,backward,0.0,0
2,RF,A(mean),0.1268137709433896,0.5000378037147905,audio,False,True,backward,0.0,0
2,LR,V(std),0.044145563147221865,0.04922285784543877,audio,False,True,backward,0.0,0
2,Lasso,V(std),0.04589012877926229,-0.02637164777788272,audio,False,True,backward,0.0,0
2,ElasticNet,V(std),0.04589012877926229,-0.02637164777788272,audio,False,True,backward,0.0,0
2,Ridge,V(std),0.04441893622628972,0.03708195136670413,audio,False,True,backward,0.0,0
2,kNN,V(std),0.049089328427838766,-0.17334578984161875,audio,False,True,backward,0.0,0
2,SVRrbf,V(std),0.04725301756023321,-0.09529218123948309,audio,False,True,backward,0.0,0
2,SVRpoly,V(std),0.04982206691683795,-0.21710490631057464,audio,False,True,backward,0.0,0
2,SVRlinear,V(std),0.04821368118164646,-0.14532171511937678,audio,False,True,backward,0.0,0
2,DT,V(std),0.050118441648453194,-0.22926427813185316,audio,False,True,backward,0.0,0
2,RF,V(std),0.04628053904141037,-0.03817961364588292,audio,False,True,backward,0.0,0
2,LR,A(std),0.04177053252694314,0.20851243243740444,audio,False,True,backward,0.0,0
2,Lasso,A(std),0.047309449376286436,-0.01277272859291274,audio,False,True,backward,0.0,0
2,ElasticNet,A(std),0.047309449376286436,-0.01277272859291274,audio,False,True,backward,0.0,0
2,Ridge,A(std),0.041760728270516835,0.2087628976837516,audio,False,True,backward,0.0,0
2,kNN,A(std),0.047042305992711406,-0.0046041725926944,audio,False,True,backward,0.0,0
2,SVRrbf,A(std),0.049926873801530075,-0.1375053052731565,audio,False,True,backward,0.0,0
2,SVRpoly,A(std),0.051928997024910294,-0.22306110342721636,audio,False,True,backward,0.0,0
2,SVRlinear,A(std),0.04853990033314419,-0.07696698022131933,audio,False,True,backward,0.0,0
2,DT,A(std),0.04797367872015695,-0.06724547704400888,audio,False,True,backward,0.0,0
2,RF,A(std),0.044089791651483565,0.13474056716511756,audio,False,True,backward,0.0,0
3,LR,V(mean),0.1222709834887783,0.3739055073020173,audio,False,True,RFE,0.0,0
3,Lasso,V(mean),0.16209141940693142,-0.05571947349344177,audio,False,True,RFE,0.0,0
3,ElasticNet,V(mean),0.16209141940693142,-0.05571947349344177,audio,False,True,RFE,0.0,0
3,Ridge,V(mean),0.11986724359874065,0.40004369268159196,audio,False,True,RFE,0.0,0
3,kNN,V(mean),0.12600090182928986,0.3545941138893215,audio,False,True,RFE,0.0,0
3,SVRrbf,V(mean),0.1192726662771059,0.42015371966489407,audio,False,True,RFE,0.0,0
3,SVRpoly,V(mean),0.21388004998742943,-2.3667471177671358,audio,False,True,RFE,0.0,0
3,SVRlinear,V(mean),0.12661259470020583,0.3366517972186666,audio,False,True,RFE,0.0,0
3,DT,V(mean),0.14280122609784576,0.1552473597107348,audio,False,True,RFE,0.0,0
3,RF,V(mean),0.12448881331873507,0.35171034477688623,audio,False,True,RFE,0.0,0
3,LR,A(mean),0.10191068559249257,0.6698340599209186,audio,False,True,RFE,0.0,0
3,Lasso,A(mean),0.18445236779445312,-0.039253879148525336,audio,False,True,RFE,0.0,0
3,ElasticNet,A(mean),0.18445236779445312,-0.039253879148525336,audio,False,True,RFE,0.0,0
3,Ridge,A(mean),0.10035699157757787,0.6804765519278313,audio,False,True,RFE,0.0,0
3,kNN,A(mean),0.11814508599687348,0.5646420655394382,audio,False,True,RFE,0.0,0
3,SVRrbf,A(mean),0.11295953016340503,0.6039353735199967,audio,False,True,RFE,0.0,0
3,SVRpoly,A(mean),0.20671924672050976,-1.1315557240383138,audio,False,True,RFE,0.0,0
3,SVRlinear,A(mean),0.10552020932228798,0.6474593137121611,audio,False,True,RFE,0.0,0
3,DT,A(mean),0.1295646585019305,0.48358535866484964,audio,False,True,RFE,0.0,0
3,RF,A(mean),0.1322278498402795,0.4778970690877449,audio,False,True,RFE,0.0,0
3,LR,V(std),0.045372767861725956,-0.0036677292350220992,audio,False,True,RFE,0.0,0
3,Lasso,V(std),0.04589012877926229,-0.02637164777788272,audio,False,True,RFE,0.0,0
3,ElasticNet,V(std),0.04589012877926229,-0.02637164777788272,audio,False,True,RFE,0.0,0
3,Ridge,V(std),0.045453017127738506,-0.007379014407105889,audio,False,True,RFE,0.0,0
3,kNN,V(std),0.04988569929421048,-0.21071738480773447,audio,False,True,RFE,0.0,0
3,SVRrbf,V(std),0.04903125121358613,-0.17594451467143907,audio,False,True,RFE,0.0,0
3,SVRpoly,V(std),0.050304449708012525,-0.27468392117481033,audio,False,True,RFE,0.0,0
3,SVRlinear,V(std),0.04735906233123908,-0.09823980821437352,audio,False,True,RFE,0.0,0
3,DT,V(std),0.04755670018179113,-0.10316646957622048,audio,False,True,RFE,0.0,0
3,RF,V(std),0.04621161787685409,-0.03868605209727939,audio,False,True,RFE,0.0,0
3,LR,A(std),0.043373530960443114,0.1449717971557029,audio,False,True,RFE,0.0,0
3,Lasso,A(std),0.047309449376286436,-0.01277272859291274,audio,False,True,RFE,0.0,0
3,ElasticNet,A(std),0.047309449376286436,-0.01277272859291274,audio,False,True,RFE,0.0,0
3,Ridge,A(std),0.043299948481728724,0.14801298447389843,audio,False,True,RFE,0.0,0
3,kNN,A(std),0.046805909486578604,0.0018114577437038815,audio,False,True,RFE,0.0,0
3,SVRrbf,A(std),0.049893455740752456,-0.13592842997699237,audio,False,True,RFE,0.0,0
3,SVRpoly,A(std),0.08852357357188853,-8.67409166931763,audio,False,True,RFE,0.0,0
3,SVRlinear,A(std),0.05007912507198855,-0.15089400687261084,audio,False,True,RFE,0.0,0
3,DT,A(std),0.04887927977928231,-0.10751121346786233,audio,False,True,RFE,0.0,0
3,RF,A(std),0.04486460430249592,0.10504215454022323,audio,False,True,RFE,0.0,0
4,LR,V(mean),0.11202243256943198,0.4822333131816,audio,False,True,embedded,0.0,0
4,Lasso,V(mean),0.16209141940693142,-0.05571947349344177,audio,False,True,embedded,0.0,0
4,ElasticNet,V(mean),0.16209141940693142,-0.05571947349344177,audio,False,True,embedded,0.0,0
4,Ridge,V(mean),0.11185602680291833,0.48382218632332147,audio,False,True,embedded,0.0,0
4,kNN,V(mean),0.12216745768156552,0.39204923561801414,audio,False,True,embedded,0.0,0
4,SVRrbf,V(mean),0.1188301854956891,0.4212482806435891,audio,False,True,embedded,0.0,0
4,SVRpoly,V(mean),0.14622478246846585,0.08028800930005774,audio,False,True,embedded,0.0,0
4,SVRlinear,V(mean),0.11442498670924775,0.4619307447711961,audio,False,True,embedded,0.0,0
4,DT,V(mean),0.14025877426862654,0.19967289136064775,audio,False,True,embedded,0.0,0
4,RF,V(mean),0.1268347271699351,0.3439986578603766,audio,False,True,embedded,0.0,0
4,LR,A(mean),0.09733647770419998,0.6963241263876776,audio,False,True,embedded,0.0,0
4,Lasso,A(mean),0.18445236779445312,-0.039253879148525336,audio,False,True,embedded,0.0,0
4,ElasticNet,A(mean),0.18445236779445312,-0.039253879148525336,audio,False,True,embedded,0.0,0
4,Ridge,A(mean),0.097249110367172,0.6969506320837089,audio,False,True,embedded,0.0,0
4,kNN,A(mean),0.11012464199527838,0.6213089040157345,audio,False,True,embedded,0.0,0
4,SVRrbf,A(mean),0.10877729077280782,0.6320733560601159,audio,False,True,embedded,0.0,0
4,SVRpoly,A(mean),0.16544503696801735,0.12866220806335932,audio,False,True,embedded,0.0,0
4,SVRlinear,A(mean),0.0982190121636298,0.6916517523627309,audio,False,True,embedded,0.0,0
4,DT,A(mean),0.12338294498153797,0.5278725139398377,audio,False,True,embedded,0.0,0
4,RF,A(mean),0.1254872122528032,0.5305369930092609,audio,False,True,embedded,0.0,0
4,LR,V(std),0.04518879504708191,0.0045025617644805175,audio,False,True,embedded,0.0,0
4,Lasso,V(std),0.04589012877926229,-0.02637164777788272,audio,False,True,embedded,0.0,0
4,ElasticNet,V(std),0.04589012877926229,-0.02637164777788272,audio,False,True,embedded,0.0,0
4,Ridge,V(std),0.045181672211466496,0.004820505268913177,audio,False,True,embedded,0.0,0
4,kNN,V(std),0.049152974278918196,-0.18018210175982477,audio,False,True,embedded,0.0,0
4,SVRrbf,V(std),0.0473583484834704,-0.09694066660619953,audio,False,True,embedded,0.0,0
4,SVRpoly,V(std),0.05063518674986579,-0.25666975543767884,audio,False,True,embedded,0.0,0
4,SVRlinear,V(std),0.0475550668683199,-0.10443069293504621,audio,False,True,embedded,0.0,0
4,DT,V(std),0.04959189262196614,-0.23004217296394752,audio,False,True,embedded,0.0,0
4,RF,V(std),0.04552327984804176,0.006846969903987555,audio,False,True,embedded,0.0,0
4,LR,A(std),0.04307115928060551,0.1563475398733999,audio,False,True,embedded,0.0,0
4,Lasso,A(std),0.047309449376286436,-0.01277272859291274,audio,False,True,embedded,0.0,0
4,ElasticNet,A(std),0.047309449376286436,-0.01277272859291274,audio,False,True,embedded,0.0,0
4,Ridge,A(std),0.043062947835926166,0.15667840606136196,audio,False,True,embedded,0.0,0
4,kNN,A(std),0.046133503946740956,0.033819919229166495,audio,False,True,embedded,0.0,0
4,SVRrbf,A(std),0.049954182095277425,-0.13813221316243024,audio,False,True,embedded,0.0,0
4,SVRpoly,A(std),0.0502139350514144,-0.15209709614736205,audio,False,True,embedded,0.0,0
4,SVRlinear,A(std),0.04700833155435848,-0.011137306287043226,audio,False,True,embedded,0.0,0
4,DT,A(std),0.04887040445498601,-0.12565130024190924,audio,False,True,embedded,0.0,0
4,RF,A(std),0.043999588607138304,0.11090453143648418,audio,False,True,embedded,0.0,0
5,LR,V(mean),0.11921478287487819,0.4176548649892874,audio,False,True,RreliefF,0.0,10
5,Lasso,V(mean),0.16209141940693142,-0.05571947349344177,audio,False,True,RreliefF,0.0,10
5,ElasticNet,V(mean),0.16209141940693142,-0.05571947349344177,audio,False,True,RreliefF,0.0,10
5,Ridge,V(mean),0.11891339907873884,0.4206485425198042,audio,False,True,RreliefF,0.0,10
5,kNN,V(mean),0.12830245384349195,0.3298211150287761,audio,False,True,RreliefF,0.0,10
5,SVRrbf,V(mean),0.12470567716895822,0.3605686205977558,audio,False,True,RreliefF,0.0,10
5,SVRpoly,V(mean),0.1403130631733355,0.19506290914956115,audio,False,True,RreliefF,0.0,10
5,SVRlinear,V(mean),0.11960452058546281,0.4148899851869481,audio,False,True,RreliefF,0.0,10
5,DT,V(mean),0.13847158023594058,0.220528543756049,audio,False,True,RreliefF,0.0,10
5,RF,V(mean),0.12383105088727131,0.38351048896463213,audio,False,True,RreliefF,0.0,10
5,LR,A(mean),0.10886845763434003,0.6216270591366178,audio,False,True,RreliefF,0.0,10
5,Lasso,A(mean),0.18445236779445312,-0.039253879148525336,audio,False,True,RreliefF,0.0,10
5,ElasticNet,A(mean),0.18445236779445312,-0.039253879148525336,audio,False,True,RreliefF,0.0,10
5,Ridge,A(mean),0.1087462132630495,0.6224281657558219,audio,False,True,RreliefF,0.0,10
5,kNN,A(mean),0.11664436914226042,0.5620348893377826,audio,False,True,RreliefF,0.0,10
5,SVRrbf,A(mean),0.11091828391348205,0.6064343404953211,audio,False,True,RreliefF,0.0,10
5,SVRpoly,A(mean),0.1483651627441205,0.2826039976249299,audio,False,True,RreliefF,0.0,10
5,SVRlinear,A(mean),0.10897051678996714,0.6215373195025014,audio,False,True,RreliefF,0.0,10
5,DT,A(mean),0.12183620379109991,0.5190040398976048,audio,False,True,RreliefF,0.0,10
5,RF,A(mean),0.11197712627353833,0.6102229228961515,audio,False,True,RreliefF,0.0,10
5,LR,V(std),0.04523272757692508,0.003145032085736099,audio,False,True,RreliefF,0.0,10
5,Lasso,V(std),0.04589012877926229,-0.02637164777788272,audio,False,True,RreliefF,0.0,10
5,ElasticNet,V(std),0.04589012877926229,-0.02637164777788272,audio,False,True,RreliefF,0.0,10
5,Ridge,V(std),0.04530586914931332,-0.00014166802759937313,audio,False,True,RreliefF,0.0,10
5,kNN,V(std),0.049339874998373265,-0.19540248336337313,audio,False,True,RreliefF,0.0,10
5,SVRrbf,V(std),0.04752697571495163,-0.10534931971751486,audio,False,True,RreliefF,0.0,10
5,SVRpoly,V(std),0.05240170196849997,-0.36361337793536885,audio,False,True,RreliefF,0.0,10
5,SVRlinear,V(std),0.04789421861170909,-0.12291929779280664,audio,False,True,RreliefF,0.0,10
5,DT,V(std),0.04902243018627053,-0.18213375310786994,audio,False,True,RreliefF,0.0,10
5,RF,V(std),0.04549560667225415,-0.01738359229769455,audio,False,True,RreliefF,0.0,10
5,LR,A(std),0.04428145280575817,0.1105315013256715,audio,False,True,RreliefF,0.0,10
5,Lasso,A(std),0.047309449376286436,-0.01277272859291274,audio,False,True,RreliefF,0.0,10
5,ElasticNet,A(std),0.047309449376286436,-0.01277272859291274,audio,False,True,RreliefF,0.0,10
5,Ridge,A(std),0.04425665364072113,0.1114705901128056,audio,False,True,RreliefF,0.0,10
5,kNN,A(std),0.04658116819292796,0.005061790666161858,audio,False,True,RreliefF,0.0,10
5,SVRrbf,A(std),0.048168229680187795,-0.06382015574967052,audio,False,True,RreliefF,0.0,10
5,SVRpoly,A(std),0.05292378275344718,-0.2829112681690661,audio,False,True,RreliefF,0.0,10
5,SVRlinear,A(std),0.048486885095055464,-0.07543110344955745,audio,False,True,RreliefF,0.0,10
5,DT,A(std),0.04784864119047429,-0.05449781421183801,audio,False,True,RreliefF,0.0,10
5,RF,A(std),0.04370505377394268,0.1328379229721873,audio,False,True,RreliefF,0.0,10
6,LR,V(mean),0.1790646964924066,-0.2955707582093853,eda,False,False,none,0.0,0
6,Lasso,V(mean),0.16209141940693142,-0.05571947349344177,eda,False,False,none,0.0,0
6,ElasticNet,V(mean),0.16209141940693142,-0.05571947349344177,eda,False,False,none,0.0,0
6,Ridge,V(mean),0.17326376214284506,-0.20517318030129764,eda,False,False,none,0.0,0
6,kNN,V(mean),0.1769836194231275,-0.26118443687740883,eda,False,False,none,0.0,0
6,SVRrbf,V(mean),0.17609491772599112,-0.24567467291431583,eda,False,False,none,0.0,0
6,SVRpoly,V(mean),0.22130078341303241,-1.482503793378586,eda,False,False,none,0.0,0
6,SVRlinear,V(mean),0.1781065750585687,-0.2754666153626425,eda,False,False,none,0.0,0
6,DT,V(mean),0.1801624715883268,-0.2789838486386487,eda,False,False,none,0.0,0
6,RF,V(mean),0.16397758717170358,-0.0756580121161361,eda,False,False,none,0.0,0
6,LR,A(mean),0.19764429904536854,-0.19838714793305054,eda,False,False,none,0.0,0
6,Lasso,A(mean),0.18445236779445312,-0.039253879148525336,eda,False,False,none,0.0,0
6,ElasticNet,A(mean),0.18445236779445312,-0.039253879148525336,eda,False,False,none,0.0,0
6,Ridge,A(mean),0.19151904605642953,-0.12177391031370513,eda,False,False,none,0.0,0
6,kNN,A(mean),0.20073175005288077,-0.2387604120180232,eda,False,False,none,0.0,0
6,SVRrbf,A(mean),0.1975840584488911,-0.2001463497014612,eda,False,False,none,0.0,0
6,SVRpoly,A(mean),0.24436760606505964,-1.0334695772125202,eda,False,False,none,0.0,0
6,SVRlinear,A(mean),0.19935204736579382,-0.21846723592831124,eda,False,False,none,0.0,0
6,DT,A(mean),0.20914231691338747,-0.31620641728812116,eda,False,False,none,0.0,0
6,RF,A(mean),0.18646708137488516,-0.06907888005145135,eda,False,False,none,0.0,0
6,LR,V(std),0.05023568583421038,-0.23373352825314955,eda,False,False,none,0.0,0
6,Lasso,V(std),0.04589012877926229,-0.02637164777788272,eda,False,False,none,0.0,0
6,ElasticNet,V(std),0.04589012877926229,-0.02637164777788272,eda,False,False,none,0.0,0
6,Ridge,V(std),0.04873858942800483,-0.16085703943215182,eda,False,False,none,0.0,0
6,kNN,V(std),0.04948450648359067,-0.19859639899330578,eda,False,False,none,0.0,0
6,SVRrbf,V(std),0.048789125388405394,-0.1685864767932769,eda,False,False,none,0.0,0
6,SVRpoly,V(std),0.049930292674936025,-0.22522876509778506,eda,False,False,none,0.0,0
6,SVRlinear,V(std),0.05062668032294051,-0.2601686158293009,eda,False,False,none,0.0,0
6,DT,V(std),0.04917360654740857,-0.1899370312392385,eda,False,False,none,0.0,0
6,RF,V(std),0.046405906065919315,-0.05425579380070603,eda,False,False,none,0.0,0
6,LR,A(std),0.05187123042164874,-0.227867897826372,eda,False,False,none,0.0,0
6,Lasso,A(std),0.047309449376286436,-0.01277272859291274,eda,False,False,none,0.0,0
6,ElasticNet,A(std),0.047309449376286436,-0.01277272859291274,eda,False,False,none,0.0,0
6,Ridge,A(std),0.050507155165127715,-0.1591893084796778,eda,False,False,none,0.0,0
6,kNN,A(std),0.051202038295402943,-0.19224963877399665,eda,False,False,none,0.0,0
6,SVRrbf,A(std),0.05179265535074527,-0.22414067980610178,eda,False,False,none,0.0,0
6,SVRpoly,A(std),0.05360010801930294,-0.30096598348888026,eda,False,False,none,0.0,0
6,SVRlinear,A(std),0.05447817782168244,-0.3542900877822114,eda,False,False,none,0.0,0
6,DT,A(std),0.04966023732484472,-0.12861940829443347,eda,False,False,none,0.0,0
6,RF,A(std),0.04716004345514434,-0.01771616261593516,eda,False,False,none,0.0,0
7,LR,V(mean),0.16497047023390007,-0.08938692903031634,eda,False,True,Pearson,0.05,0
7,Lasso,V(mean),0.16209141940693142,-0.05571947349344177,eda,False,True,Pearson,0.05,0
7,ElasticNet,V(mean),0.16209141940693142,-0.05571947349344177,eda,False,True,Pearson,0.05,0
7,Ridge,V(mean),0.1643211576387104,-0.08052953907200913,eda,False,True,Pearson,0.05,0
7,kNN,V(mean),0.18121483763072485,-0.31899832423608043,eda,False,True,Pearson,0.05,0
7,SVRrbf,V(mean),0.1778486232620612,-0.27360152957098033,eda,False,True,Pearson,0.05,0
7,SVRpoly,V(mean),0.30557532938049314,-4.285931865791346,eda,False,True,Pearson,0.05,0
7,SVRlinear,V(mean),0.1656546626810328,-0.09675326813141547,eda,False,True,Pearson,0.05,0
7,DT,V(mean),0.17631434155705095,-0.26988971508145937,eda,False,True,Pearson,0.05,0
7,RF,V(mean),0.16179107004012272,-0.06307593179720704,eda,False,True,Pearson,0.05,0
7,LR,A(mean),0.18538354939448187,-0.05079574261402986,eda,False,True,Pearson,0.05,0
7,Lasso,A(mean),0.18445236779445312,-0.039253879148525336,eda,False,True,Pearson,0.05,0
7,ElasticNet,A(mean),0.18445236779445312,-0.039253879148525336,eda,False,True,Pearson,0.05,0
7,Ridge,A(mean),0.18498061678182995,-0.0456937600914334,eda,False,True,Pearson,0.05,0
7,kNN,A(mean),0.20615039946464733,-0.3088794934202953,eda,False,True,Pearson,0.05,0
7,SVRrbf,A(mean),0.2004799456180662,-0.2388760334144194,eda,False,True,Pearson,0.05,0
7,SVRpoly,A(mean),0.3242069638085622,-2.7550988643976195,eda,False,True,Pearson,0.05,0
7,SVRlinear,A(mean),0.18614042840546294,-0.06066076227724929,eda,False,True,Pearson,0.05,0
7,DT,A(mean),0.20305965401140874,-0.26808530356243904,eda,False,True,Pearson,0.05,0
7,RF,A(mean),0.1856945379315686,-0.06517749613776165,eda,False,True,Pearson,0.05,0
7,LR,V(std),0.04628914605844918,-0.04375431623878828,eda,False,True,Pearson,0.05,0
7,Lasso,V(std),0.04589012877926229,-0.02637164777788272,eda,False,True,Pearson,0.05,0
7,ElasticNet,V(std),0.04589012877926229,-0.02637164777788272,eda,False,True,Pearson,0.05,0
7,Ridge,V(std),0.04616654808150013,-0.03849160169705577,eda,False,True,Pearson,0.05,0
7,kNN,V(std),0.05023659904738546,-0.23361161454732385,eda,False,True,Pearson,0.05,0
7,SVRrbf,V(std),0.04905009850433689,-0.17927339389174124,eda,False,True,Pearson,0.05,0
7,SVRpoly,V(std),0.048982860865773484,-0.17464453059360027,eda,False,True,Pearson,0.05,0
7,SVRlinear,V(std),0.04871470716276673,-0.16244122179611403,eda,False,True,Pearson,0.05,0
7,DT,V(std),0.04849311332421594,-0.1736983902918937,eda,False,True,Pearson,0.05,0
7,RF,V(std),0.04629596095176328,-0.045308793817394145,eda,False,True,Pearson,0.05,0
7,LR,A(std),0.04842454467092777,-0.06456078258115386,eda,False,True,Pearson,0.05,0
7,Lasso,A(std),0.047309449376286436,-0.01277272859291274,eda,False,True,Pearson,0.05,0
7,ElasticNet,A(std),0.047309449376286436,-0.01277272859291274,eda,False,True,Pearson,0.05,0
7,Ridge,A(std),0.048106366190127356,-0.05007048649303776,eda,False,True,Pearson,0.05,0
7,kNN,A(std),0.05159045655985125,-0.21320656325080592,eda,False,True,Pearson,0.05,0
7,SVRrbf,A(std),0.052274773175795375,-0.24799502843440902,eda,False,True,Pearson,0.05,0
7,SVRpoly,A(std),0.05368242973237223,-0.300152355270123,eda,False,True,Pearson,0.05,0
7,SVRlinear,A(std),0.052989619008080614,-0.2802482490961613,eda,False,True,Pearson,0.05,0
7,DT,A(std),0.051691086771321816,-0.17589526396517358,eda,False,True,Pearson,0.05,0
7,RF,A(std),0.0467475967538183,-0.002931617900748984,eda,False,True,Pearson,0.05,0
8,LR,V(mean),0.16085692448881658,-0.0403198690590202,eda,False,True,backward,0.0,0
8,Lasso,V(mean),0.16209141940693142,-0.05571947349344177,eda,False,True,backward,0.0,0
8,ElasticNet,V(mean),0.16209141940693142,-0.05571947349344177,eda,False,True,backward,0.0,0
8,Ridge,V(mean),0.1612254675389317,-0.041912302887129535,eda,False,True,backward,0.0,0
8,kNN,V(mean),0.1744504490776858,-0.22202855262367738,eda,False,True,backward,0.0,0
8,SVRrbf,V(mean),0.17221014168247603,-0.19595392215614266,eda,False,True,backward,0.0,0
8,SVRpoly,V(mean),0.1669489139509806,-0.11572149809801117,eda,False,True,backward,0.0,0
8,SVRlinear,V(mean),0.16213583112644195,-0.052237337031901,eda,False,True,backward,0.0,0
8,DT,V(mean),0.17251887486299533,-0.22413246023820257,eda,False,True,backward,0.0,0
8,RF,V(mean),0.16346146556170846,-0.08100567219344881,eda,False,True,backward,0.0,0
8,LR,A(mean),0.1811260602328786,-0.000521656901060652,eda,False,True,backward,0.0,0
8,Lasso,A(mean),0.18445236779445312,-0.039253879148525336,eda,False,True,backward,0.0,0
8,ElasticNet,A(mean),0.18445236779445312,-0.039253879148525336,eda,False,True,backward,0.0,0
8,Ridge,A(mean),0.18111236906514175,-0.0003765022566223908,eda,False,True,backward,0.0,0
8,kNN,A(mean),0.202387389105587,-0.26082551401445775,eda,False,True,backward,0.0,0
8,SVRrbf,A(mean),0.1942089968021141,-0.16286345969460864,eda,False,True,backward,0.0,0
8,SVRpoly,A(mean),0.19728128434757206,-0.215111173787956,eda,False,True,backward,0.0,0
8,SVRlinear,A(mean),0.18158329470366436,-0.005513676219359276,eda,False,True,backward,0.0,0
8,DT,A(mean),0.19773857094110844,-0.20579320791830563,eda,False,True,backward,0.0,0
8,RF,A(mean),0.1863785314660256,-0.03975980953950027,eda,False,True,backward,0.0,0
8,LR,V(std),0.045533919902580405,-0.010776110987762655,eda,False,True,backward,0.0,0
8,Lasso,V(std),0.04589012877926229,-0.02637164777788272,eda,False,True,backward,0.0,0
8,ElasticNet,V(std),0.04589012877926229,-0.02637164777788272,eda,False,True,backward,0.0,0
8,Ridge,V(std),0.04555629502397217,-0.011816457945552162,eda,False,True,backward,0.0,0
8,kNN,V(std),0.05188774779847498,-0.3223625208778415,eda,False,True,backward,0.0,0
8,SVRrbf,V(std),0.04872243901045532,-0.16333565550059032,eda,False,True,backward,0.0,0
8,SVRpoly,V(std),0.05015805371797406,-0.23173441685112922,eda,False,True,backward,0.0,0
8,SVRlinear,V(std),0.04770356006604099,-0.11575242194841628,eda,False,True,backward,0.0,0
8,DT,V(std),0.0485433747831515,-0.156335219911303,eda,False,True,backward,0.0,0
8,RF,V(std),0.04646655881307634,-0.05028933986895243,eda,False,True,backward,0.0,0
8,LR,A(std),0.0469970545009616,-0.0007769487341525605,eda,False,True,backward,0.0,0
8,Lasso,A(std),0.047309449376286436,-0.01277272859291274,eda,False,True,backward,0.0,0
8,ElasticNet,A(std),0.047309449376286436,-0.01277272859291274,eda,False,True,backward,0.0,0
8,Ridge,A(std),0.04699562726348836,-0.0006997985892731373,eda,False,True,backward,0.0,0
8,kNN,A(std),0.05068231806094746,-0.16684711174740183,eda,False,True,backward,0.0,0
8,SVRrbf,A(std),0.051795037867805906,-0.2219493958227483,eda,False,True,backward,0.0,0
8,SVRpoly,A(std),0.05514164524612576,-0.42472315285702134,eda,False,True,backward,0.0,0
8,SVRlinear,A(std),0.04938960096300658,-0.10718985157348623,eda,False,True,backward,0.0,0
8,DT,A(std),0.05060013694064978,-0.15248798180567524,eda,False,True,backward,0.0,0
8,RF,A(std),0.047497282919963295,-0.014048328592250747,eda,False,True,backward,0.0,0
9,LR,V(mean),0.16091995118129782,-0.03931330028233547,eda,False,True,RFE,0.0,0
9,Lasso,V(mean),0.16209141940693142,-0.05571947349344177,eda,False,True,RFE,0.0,0
9,ElasticNet,V(mean),0.16209141940693142,-0.05571947349344177,eda,False,True,RFE,0.0,0
9,Ridge,V(mean),0.16175450835508176,-0.048629095487421316,eda,False,True,RFE,0.0,0
9,kNN,V(mean),0.17965986662713615,-0.2922809722807269,eda,False,True,RFE,0.0,0
9,SVRrbf,V(mean),0.16855009817685002,-0.13821379069467418,eda,False,True,RFE,0.0,0
9,SVRpoly,V(mean),0.1648875528759956,-0.09264148514415058,eda,False,True,RFE,0.0,0
9,SVRlinear,V(mean),0.16260065722440514,-0.05780232560090496,eda,False,True,RFE,0.0,0
9,DT,V(mean),0.17613593827601443,-0.2887939026050847,eda,False,True,RFE,0.0,0
9,RF,V(mean),0.1660043381422111,-0.10789494091503446,eda,False,True,RFE,0.0,0
9,LR,A(mean),0.184741503359016,-0.04408975255280482,eda,False,True,RFE,0.0,0
9,Lasso,A(mean),0.18445236779445312,-0.039253879148525336,eda,False,True,RFE,0.0,0
9,ElasticNet,A(mean),0.18445236779445312,-0.039253879148525336,eda,False,True,RFE,0.0,0
9,Ridge,A(mean),0.18404610272882407,-0.036209437086424975,eda,False,True,RFE,0.0,0
9,kNN,A(mean),0.2022016883110948,-0.25980740358996685,eda,False,True,RFE,0.0,0
9,SVRrbf,A(mean),0.19466739375316666,-0.1639159851392875,eda,False,True,RFE,0.0,0
9,SVRpoly,A(mean),0.2547879253878352,-1.9941717762412439,eda,False,True,RFE,0.0,0
9,SVRlinear,A(mean),0.1850670980100802,-0.048308641364907326,eda,False,True,RFE,0.0,0
9,DT,A(mean),0.19843679712559925,-0.19938721132292953,eda,False,True,RFE,0.0,0
9,RF,A(mean),0.18581733416796067,-0.06308487212283892,eda,False,True,RFE,0.0,0
9,LR,V(std),0.04613046003331201,-0.03863162599421719,eda,False,True,RFE,0.0,0
9,Lasso,V(std),0.04589012877926229,-0.02637164777788272,eda,False,True,RFE,0.0,0
9,ElasticNet,V(std),0.04589012877926229,-0.02637164777788272,eda,False,True,RFE,0.0,0
9,Ridge,V(std),0.04615149775992856,-0.03908336944176104,eda,False,True,RFE,0.0,0
9,kNN,V(std),0.04927245990398141,-0.1877772319844742,eda,False,True,RFE,0.0,0
9,SVRrbf,V(std),0.049124498035675854,-0.18243976162539294,eda,False,True,RFE,0.0,0
9,SVRpoly,V(std),0.04959143894874552,-0.20502670495322892,eda,False,True,RFE,0.0,0
9,SVRlinear,V(std),0.048670611917421246,-0.16404055441385415,eda,False,True,RFE,0.0,0
9,DT,V(std),0.04858891948378276,-0.15124655790776012,eda,False,True,RFE,0.0,0
9,RF,V(std),0.04640683154493799,-0.04235715653502039,eda,False,True,RFE,0.0,0
9,LR,A(std),0.04743009964440479,-0.018896577096973753,eda,False,True,RFE,0.0,0
9,Lasso,A(std),0.047309449376286436,-0.01277272859291274,eda,False,True,RFE,0.0,0
9,ElasticNet,A(std),0.047309449376286436,-0.01277272859291274,eda,False,True,RFE,0.0,0
9,Ridge,A(std),0.047602726257885815,-0.02576336004329711,eda,False,True,RFE,0.0,0
9,kNN,A(std),0.05134889285762519,-0.19933406237581955,eda,False,True,RFE,0.0,0
9,SVRrbf,A(std),0.05296402255700914,-0.27567753706880743,eda,False,True,RFE,0.0,0
9,SVRpoly,A(std),0.06423209851317882,-0.9633782013526077,eda,False,True,RFE,0.0,0
9,SVRlinear,A(std),0.050909186265554296,-0.1746652160806522,eda,False,True,RFE,0.0,0
9,DT,A(std),0.05153415354237386,-0.1882538501187839,eda,False,True,RFE,0.0,0
9,RF,A(std),0.04728382459114764,-0.02057303195693432,eda,False,True,RFE,0.0,0
10,LR,V(mean),0.16075518419875498,-0.036010132105169235,eda,False,True,embedded,0.0,0
10,Lasso,V(mean),0.16209141940693142,-0.05571947349344177,eda,False,True,embedded,0.0,0
10,ElasticNet,V(mean),0.16209141940693142,-0.05571947349344177,eda,False,True,embedded,0.0,0
10,Ridge,V(mean),0.16075308320059167,-0.03598543594342559,eda,False,True,embedded,0.0,0
10,kNN,V(mean),0.1754921070139202,-0.2454251506467406,eda,False,True,embedded,0.0,0
10,SVRrbf,V(mean),0.16935508964791357,-0.1534386431528335,eda,False,True,embedded,0.0,0
10,SVRpoly,V(mean),0.17085193880902289,-0.19288034498980947,eda,False,True,embedded,0.0,0
10,SVRlinear,V(mean),0.16170568437635546,-0.04704131253044325,eda,False,True,embedded,0.0,0
10,DT,V(mean),0.1745073836599614,-0.22937996822840026,eda,False,True,embedded,0.0,0
10,RF,V(mean),0.16384172555479024,-0.06922044406885976,eda,False,True,embedded,0.0,0
10,LR,A(mean),0.18246144743334172,-0.01686487432792553,eda,False,True,embedded,0.0,0
10,Lasso,A(mean),0.18445236779445312,-0.039253879148525336,eda,False,True,embedded,0.0,0
10,ElasticNet,A(mean),0.18445236779445312,-0.039253879148525336,eda,False,True,embedded,0.0,0
10,Ridge,A(mean),0.1823256001140943,-0.015356162056543865,eda,False,True,embedded,0.0,0
10,kNN,A(mean),0.19447617906124465,-0.16232859056726265,eda,False,True,embedded,0.0,0
10,SVRrbf,A(mean),0.19687135490075164,-0.19043278625378118,eda,False,True,embedded,0.0,0
10,SVRpoly,A(mean),0.20406630508458798,-0.2814726177199767,eda,False,True,embedded,0.0,0
10,SVRlinear,A(mean),0.18280673950402462,-0.02072656110088882,eda,False,True,embedded,0.0,0
10,DT,A(mean),0.20330317998815134,-0.2518594920521724,eda,False,True,embedded,0.0,0
10,RF,A(mean),0.18526350142997497,-0.0759361872919891,eda,False,True,embedded,0.0,0
10,LR,V(std),0.045802306674446035,-0.022671328105021215,eda,False,True,embedded,0.0,0
10,Lasso,V(std),0.04589012877926229,-0.02637164777788272,eda,False,True,embedded,0.0,0
10,ElasticNet,V(std),0.04589012877926229,-0.02637164777788272,eda,False,True,embedded,0.0,0
10,Ridge,V(std),0.045802109025938724,-0.0226618407488531,eda,False,True,embedded,0.0,0
10,kNN,V(std),0.04967741274283543,-0.20574385519884753,eda,False,True,embedded,0.0,0
10,SVRrbf,V(std),0.049289325088635545,-0.19056606536622087,eda,False,True,embedded,0.0,0
10,SVRpoly,V(std),0.047444219537545435,-0.10237714075799195,eda,False,True,embedded,0.0,0
10,SVRlinear,V(std),0.04764232355751015,-0.11256680542764078,eda,False,True,embedded,0.0,0
10,DT,V(std),0.04727405376019359,-0.08837541423325941,eda,False,True,embedded,0.0,0
10,RF,V(std),0.04608493309761772,-0.03955603880940907,eda,False,True,embedded,0.0,0
10,LR,A(std),0.047202542425695035,-0.00832583875025834,eda,False,True,embedded,0.0,0
10,Lasso,A(std),0.047309449376286436,-0.01277272859291274,eda,False,True,embedded,0.0,0
10,ElasticNet,A(std),0.047309449376286436,-0.01277272859291274,eda,False,True,embedded,0.0,0
10,Ridge,A(std),0.047202497186515216,-0.008323483913023223,eda,False,True,embedded,0.0,0
10,kNN,A(std),0.05105882622247145,-0.17932760267128317,eda,False,True,embedded,0.0,0
10,SVRrbf,A(std),0.049885813660633806,-0.13081705259864473,eda,False,True,embedded,0.0,0
10,SVRpoly,A(std),0.049628083123372684,-0.11925759532795736,eda,False,True,embedded,0.0,0
10,SVRlinear,A(std),0.049740887165110194,-0.12526221797548348,eda,False,True,embedded,0.0,0
10,DT,A(std),0.04807776809835074,-0.04419985191811254,eda,False,True,embedded,0.0,0
10,RF,A(std),0.04743017115351288,-0.02684298157405628,eda,False,True,embedded,0.0,0
11,LR,V(mean),0.16349450472170854,-0.07242495901895676,eda,False,True,RreliefF,0.0,10
11,Lasso,V(mean),0.16209141940693142,-0.05571947349344177,eda,False,True,RreliefF,0.0,10
11,ElasticNet,V(mean),0.16209141940693142,-0.05571947349344177,eda,False,True,RreliefF,0.0,10
11,Ridge,V(mean),0.16293241492227767,-0.06556149754288239,eda,False,True,RreliefF,0.0,10
11,kNN,V(mean),0.17946732836820367,-0.2983375511383463,eda,False,True,RreliefF,0.0,10
11,SVRrbf,V(mean),0.165682447958586,-0.10196477758321068,eda,False,True,RreliefF,0.0,10
11,SVRpoly,V(mean),0.16434459261846157,-0.08283201408225556,eda,False,True,RreliefF,0.0,10
11,SVRlinear,V(mean),0.16372856990667328,-0.07415634808337432,eda,False,True,RreliefF,0.0,10
11,DT,V(mean),0.16894882740383066,-0.15777755222896303,eda,False,True,RreliefF,0.0,10
11,RF,V(mean),0.16310509241477453,-0.0635653379186201,eda,False,True,RreliefF,0.0,10
11,LR,A(mean),0.18331444269490127,-0.027505354341969147,eda,False,True,RreliefF,0.0,10
11,Lasso,A(mean),0.18445236779445312,-0.039253879148525336,eda,False,True,RreliefF,0.0,10
11,ElasticNet,A(mean),0.18445236779445312,-0.039253879148525336,eda,False,True,RreliefF,0.0,10
11,Ridge,A(mean),0.1832831435880049,-0.027123951068035623,eda,False,True,RreliefF,0.0,10
11,kNN,A(mean),0.20070367374585868,-0.23396130495331655,eda,False,True,RreliefF,0.0,10
11,SVRrbf,A(mean),0.20259409047042917,-0.26764477420011856,eda,False,True,RreliefF,0.0,10
11,SVRpoly,A(mean),0.205402282723965,-0.3172969925396051,eda,False,True,RreliefF,0.0,10
11,SVRlinear,A(mean),0.1835627261508414,-0.02988927624266936,eda,False,True,RreliefF,0.0,10
11,DT,A(mean),0.20312726617578253,-0.2847347918614382,eda,False,True,RreliefF,0.0,10
11,RF,A(mean),0.18544428536022406,-0.04307900613617024,eda,False,True,RreliefF,0.0,10
11,LR,V(std),0.04594095129045549,-0.02875568776765832,eda,False,True,RreliefF,0.0,10
11,Lasso,V(std),0.04589012877926229,-0.02637164777788272,eda,False,True,RreliefF,0.0,10
11,ElasticNet,V(std),0.04589012877926229,-0.02637164777788272,eda,False,True,RreliefF,0.0,10
11,Ridge,V(std),0.04588023261046198,-0.02607880459058548,eda,False,True,RreliefF,0.0,10
11,kNN,V(std),0.05047703053084586,-0.2470585080293865,eda,False,True,RreliefF,0.0,10
11,SVRrbf,V(std),0.048283074454478256,-0.14039156696306193,eda,False,True,RreliefF,0.0,10
11,SVRpoly,V(std),0.047856885982818675,-0.12012584837998982,eda,False,True,RreliefF,0.0,10
11,SVRlinear,V(std),0.048047705278373536,-0.1313493724871222,eda,False,True,RreliefF,0.0,10
11,DT,V(std),0.04846976776847821,-0.14270421376459203,eda,False,True,RreliefF,0.0,10
11,RF,V(std),0.04675244218700616,-0.049583885853035956,eda,False,True,RreliefF,0.0,10
11,LR,A(std),0.047779550872644835,-0.03219976828268949,eda,False,True,RreliefF,0.0,10
11,Lasso,A(std),0.047309449376286436,-0.01277272859291274,eda,False,True,RreliefF,0.0,10
11,ElasticNet,A(std),0.047309449376286436,-0.01277272859291274,eda,False,True,RreliefF,0.0,10
11,Ridge,A(std),0.047694186486160896,-0.028820450106295182,eda,False,True,RreliefF,0.0,10
11,kNN,A(std),0.052625535835787184,-0.26318998263295834,eda,False,True,RreliefF,0.0,10
11,SVRrbf,A(std),0.05008665315827252,-0.1393062569606594,eda,False,True,RreliefF,0.0,10
11,SVRpoly,A(std),0.050094639898123995,-0.13878156578759226,eda,False,True,RreliefF,0.0,10
11,SVRlinear,A(std),0.05018547362299021,-0.1428945732899421,eda,False,True,RreliefF,0.0,10
11,DT,A(std),0.048632514064370636,-0.07334200792148268,eda,False,True,RreliefF,0.0,10
11,RF,A(std),0.04755070922053139,-0.04141321874207363,eda,False,True,RreliefF,0.0,10
12,LR,V(mean),0.13392476149738256,0.2403739831611186,fusion,False,False,none,0.0,0
12,Lasso,V(mean),0.16209141940693142,-0.05571947349344177,fusion,False,False,none,0.0,0
12,ElasticNet,V(mean),0.16209141940693142,-0.05571947349344177,fusion,False,False,none,0.0,0
12,Ridge,V(mean),0.12712190759085712,0.32158497722270685,fusion,False,False,none,0.0,0
12,kNN,V(mean),0.1288579959224908,0.333382789255747,fusion,False,False,none,0.0,0
12,SVRrbf,V(mean),0.12293747420467124,0.38869214984938066,fusion,False,False,none,0.0,0
12,SVRpoly,V(mean),0.14829638786274665,-0.013601419429298333,fusion,False,False,none,0.0,0
12,SVRlinear,V(mean),0.1376551364966788,0.2035887202400521,fusion,False,False,none,0.0,0
12,DT,V(mean),0.14238671184512217,0.16823730608680595,fusion,False,False,none,0.0,0
12,RF,V(mean),0.1365727691285678,0.22027862942660287,fusion,False,False,none,0.0,0
12,LR,A(mean),0.10931816955126158,0.6198235071559951,fusion,False,False,none,0.0,0
12,Lasso,A(mean),0.18445236779445312,-0.039253879148525336,fusion,False,False,none,0.0,0
12,ElasticNet,A(mean),0.18445236779445312,-0.039253879148525336,fusion,False,False,none,0.0,0
12,Ridge,A(mean),0.10316620112696369,0.6620894114510494,fusion,False,False,none,0.0,0
12,kNN,A(mean),0.12597455943208485,0.5097969954788569,fusion,False,False,none,0.0,0
12,SVRrbf,A(mean),0.11015946730399968,0.623451778935338,fusion,False,False,none,0.0,0
12,SVRpoly,A(mean),0.13867879742530337,0.346292468782726,fusion,False,False,none,0.0,0
12,SVRlinear,A(mean),0.11196765966034919,0.598540412174052,fusion,False,False,none,0.0,0
12,DT,A(mean),0.1331810417409369,0.4506646062585119,fusion,False,False,none,0.0,0
12,RF,A(mean),0.14834131342352913,0.32229286124927514,fusion,False,False,none,0.0,0
12,LR,V(std),0.05596858487489602,-0.5596738785008813,fusion,False,False,none,0.0,0
12,Lasso,V(std),0.04589012877926229,-0.02637164777788272,fusion,False,False,none,0.0,0
12,ElasticNet,V(std),0.04589012877926229,-0.02637164777788272,fusion,False,False,none,0.0,0
12,Ridge,V(std),0.053193002063636995,-0.4098794067888522,fusion,False,False,none,0.0,0
12,kNN,V(std),0.048336091329948254,-0.13963624105640074,fusion,False,False,none,0.0,0
12,SVRrbf,V(std),0.047111975560494034,-0.08675013986819258,fusion,False,False,none,0.0,0
12,SVRpoly,V(std),0.047719526807386246,-0.11496236065903834,fusion,False,False,none,0.0,0
12,SVRlinear,V(std),0.047762636452156504,-0.11589668163990854,fusion,False,False,none,0.0,0
12,DT,V(std),0.05205721657968988,-0.3346467164953961,fusion,False,False,none,0.0,0
12,RF,V(std),0.04585450396658383,-0.031845959585778724,fusion,False,False,none,0.0,0
12,LR,A(std),0.05155596331570862,-0.22416313121521556,fusion,False,False,none,0.0,0
12,Lasso,A(std),0.047309449376286436,-0.01277272859291274,fusion,False,False,none,0.0,0
12,ElasticNet,A(std),0.047309449376286436,-0.01277272859291274,fusion,False,False,none,0.0,0
12,Ridge,A(std),0.04902723772727754,-0.10132912064578041,fusion,False,False,none,0.0,0
12,kNN,A(std),0.04610646302239428,0.02707292080568243,fusion,False,False,none,0.0,0
12,SVRrbf,A(std),0.05045810960611854,-0.16023532929463385,fusion,False,False,none,0.0,0
12,SVRpoly,A(std),0.05045420704041763,-0.15874492982477276,fusion,False,False,none,0.0,0
12,SVRlinear,A(std),0.04890595067544393,-0.09044240576571304,fusion,False,False,none,0.0,0
12,DT,A(std),0.05080111506810616,-0.19155593776927823,fusion,False,False,none,0.0,0
12,RF,A(std),0.04504773450675313,0.06393156123969096,fusion,False,False,none,0.0,0
13,LR,V(mean),0.11815688525703658,0.4291408828758459,fusion,False,True,Pearson,0.1,0
13,Lasso,V(mean),0.16209141940693142,-0.05571947349344177,fusion,False,True,Pearson,0.1,0
13,ElasticNet,V(mean),0.16209141940693142,-0.05571947349344177,fusion,False,True,Pearson,0.1,0
13,Ridge,V(mean),0.11703903408919454,0.43897776960286966,fusion,False,True,Pearson,0.1,0
13,kNN,V(mean),0.12673765115651575,0.3467260041231687,fusion,False,True,Pearson,0.1,0
13,SVRrbf,V(mean),0.12091498889722174,0.40352035174115725,fusion,False,True,Pearson,0.1,0
13,SVRpoly,V(mean),0.15269384389902702,-0.0134451469621524,fusion,False,True,Pearson,0.1,0
13,SVRlinear,V(mean),0.11918656855184931,0.42043314048712305,fusion,False,True,Pearson,0.1,0
13,DT,V(mean),0.14146809560948231,0.18562510128176332,fusion,False,True,Pearson,0.1,0
13,RF,V(mean),0.1225599649273966,0.38832384038256906,fusion,False,True,Pearson,0.1,0
13,LR,A(mean),0.10008749422259473,0.6832691355129691,fusion,False,True,Pearson,0.1,0
13,Lasso,A(mean),0.18445236779445312,-0.039253879148525336,fusion,False,True,Pearson,0.1,0
13,ElasticNet,A(mean),0.18445236779445312,-0.039253879148525336,fusion,False,True,Pearson,0.1,0
13,Ridge,A(mean),0.09925540100526026,0.688692934775033,fusion,False,True,Pearson,0.1,0
13,kNN,A(mean),0.11841870277337914,0.5581869153334702,fusion,False,True,Pearson,0.1,0
13,SVRrbf,A(mean),0.11124031367859522,0.6151718558711898,fusion,False,True,Pearson,0.1,0
13,SVRpoly,A(mean),0.14864754565015637,0.2968308142001838,fusion,False,True,Pearson,0.1,0
13,SVRlinear,A(mean),0.10324677888338736,0.6610703180910461,fusion,False,True,Pearson,0.1,0
13,DT,A(mean),0.12676788186725535,0.49616016202921226,fusion,False,True,Pearson,0.1,0
13,RF,A(mean),0.13128783644292902,0.46572084684496157,fusion,False,True,Pearson,0.1,0
13,LR,V(std),0.046163882210317315,-0.04087592399945174,fusion,False,True,Pearson,0.1,0
13,Lasso,V(std),0.04589012877926229,-0.02637164777788272,fusion,False,True,Pearson,0.1,0
13,ElasticNet,V(std),0.04589012877926229,-0.02637164777788272,fusion,False,True,Pearson,0.1,0
13,Ridge,V(std),0.04598452322315176,-0.03138267292816068,fusion,False,True,Pearson,0.1,0
13,kNN,V(std),0.04830251707054693,-0.1387563594156826,fusion,False,True,Pearson,0.1,0
13,SVRrbf,V(std),0.04692727960545019,-0.07819748099241944,fusion,False,True,Pearson,0.1,0
13,SVRpoly,V(std),0.049068871468378975,-0.1806737628014155,fusion,False,True,Pearson,0.1,0
13,SVRlinear,V(std),0.048614826278762735,-0.15928989882969918,fusion,False,True,Pearson,0.1,0
13,DT,V(std),0.048966299968010746,-0.18336748215078763,fusion,False,True,Pearson,0.1,0
13,RF,V(std),0.04513817277135669,-0.029240004470910276,fusion,False,True,Pearson,0.1,0
13,LR,A(std),0.04433176666307977,0.10259371086733268,fusion,False,True,Pearson,0.1,0
13,Lasso,A(std),0.047309449376286436,-0.01277272859291274,fusion,False,True,Pearson,0.1,0
13,ElasticNet,A(std),0.047309449376286436,-0.01277272859291274,fusion,False,True,Pearson,0.1,0
13,Ridge,A(std),0.043920141343309106,0.11916688919155824,fusion,False,True,Pearson,0.1,0
13,kNN,A(std),0.04751768780855576,-0.0274993380144526,fusion,False,True,Pearson,0.1,0
13,SVRrbf,A(std),0.050135752245516044,-0.14675294265301062,fusion,False,True,Pearson,0.1,0
13,SVRpoly,A(std),0.04945744009394722,-0.11516781371583065,fusion,False,True,Pearson,0.1,0
13,SVRlinear,A(std),0.05060693406366492,-0.17247686798147902,fusion,False,True,Pearson,0.1,0
13,DT,A(std),0.051585270896442825,-0.19203521978237192,fusion,False,True,Pearson,0.1,0
13,RF,A(std),0.043680109725068576,0.12970982013357643,fusion,False,True,Pearson,0.1,0
14,LR,V(mean),0.1077376977225359,0.5260127324675541,fusion,False,True,backward,0.0,0
14,Lasso,V(mean),0.16209141940693142,-0.05571947349344177,fusion,False,True,backward,0.0,0
14,ElasticNet,V(mean),0.16209141940693142,-0.05571947349344177,fusion,False,True,backward,0.0,0
14,Ridge,V(mean),0.10795898705921289,0.5249555449134474,fusion,False,True,backward,0.0,0
14,kNN,V(mean),0.130299600305388,0.31279520027297797,fusion,False,True,backward,0.0,0
14,SVRrbf,V(mean),0.11986288361043482,0.41734505064913996,fusion,False,True,backward,0.0,0
14,SVRpoly,V(mean),0.14068228366825378,0.17725856838492335,fusion,False,True,backward,0.0,0
14,SVRlinear,V(mean),0.10946134895909912,0.5110458934086722,fusion,False,True,backward,0.0,0
14,DT,V(mean),0.1396540028141828,0.1668824465788101,fusion,False,True,backward,0.0,0
14,RF,V(mean),0.13414891444571755,0.29873380823032514,fusion,False,True,backward,0.0,0
14,LR,A(mean),0.09107504415045992,0.7392054921952932,fusion,False,True,backward,0.0,0
14,Lasso,A(mean),0.18445236779445312,-0.039253879148525336,fusion,False,True,backward,0.0,0
14,ElasticNet,A(mean),0.18445236779445312,-0.039253879148525336,fusion,False,True,backward,0.0,0
14,Ridge,A(mean),0.09146339450768728,0.7367051309654739,fusion,False,True,backward,0.0,0
14,kNN,A(mean),0.12644640250971223,0.5037536070021915,fusion,False,True,backward,0.0,0
14,SVRrbf,A(mean),0.10953273924770632,0.6261562444154045,fusion,False,True,backward,0.0,0
14,SVRpoly,A(mean),0.14679930006082584,0.2942376010640505,fusion,False,True,backward,0.0,0
14,SVRlinear,A(mean),0.09390435354823427,0.7225491214627399,fusion,False,True,backward,0.0,0
14,DT,A(mean),0.13211681126895303,0.44421848972239025,fusion,False,True,backward,0.0,0
14,RF,A(mean),0.14665693853991257,0.3540206160884428,fusion,False,True,backward,0.0,0
14,LR,V(std),0.0435233314053386,0.07444727825131449,fusion,False,True,backward,0.0,0
14,Lasso,V(std),0.04589012877926229,-0.02637164777788272,fusion,False,True,backward,0.0,0
14,ElasticNet,V(std),0.04589012877926229,-0.02637164777788272,fusion,False,True,backward,0.0,0
14,Ridge,V(std),0.043944031718382424,0.05681277378909135,fusion,False,True,backward,0.0,0
14,kNN,V(std),0.048376890995945915,-0.1450917864214616,fusion,False,True,backward,0.0,0
14,SVRrbf,V(std),0.047246899284064926,-0.09422618006119907,fusion,False,True,backward,0.0,0
14,SVRpoly,V(std),0.04768583066960214,-0.11371398235202286,fusion,False,True,backward,0.0,0
14,SVRlinear,V(std),0.04755846861466577,-0.11220651895358894,fusion,False,True,backward,0.0,0
14,DT,V(std),0.05049792833331198,-0.26307424324914513,fusion,False,True,backward,0.0,0
14,RF,V(std),0.04579612219994064,-0.03646199072997654,fusion,False,True,backward,0.0,0
14,LR,A(std),0.04186661429718814,0.20147198634838803,fusion,False,True,backward,0.0,0
14,Lasso,A(std),0.047309449376286436,-0.01277272859291274,fusion,False,True,backward,0.0,0
14,ElasticNet,A(std),0.047309449376286436,-0.01277272859291274,fusion,False,True,backward,0.0,0
14,Ridge,A(std),0.04197542998399399,0.1992953685834739,fusion,False,True,backward,0.0,0
14,kNN,A(std),0.04612129104358682,0.02740659710294161,fusion,False,True,backward,0.0,0
14,SVRrbf,A(std),0.05084597775409674,-0.17844541611907,fusion,False,True,backward,0.0,0
14,SVRpoly,A(std),0.05049256502323275,-0.16021172875910272,fusion,False,True,backward,0.0,0
14,SVRlinear,A(std),0.049085781139101885,-0.10020449430823734,fusion,False,True,backward,0.0,0
14,DT,A(std),0.04889157686783761,-0.1060499925731248,fusion,False,True,backward,0.0,0
14,RF,A(std),0.04438448355417915,0.09296859604902712,fusion,False,True,backward,0.0,0
15,LR,V(mean),0.11647500844119185,0.4387731485818276,fusion,False,True,RFE,0.0,0
15,Lasso,V(mean),0.16209141940693142,-0.05571947349344177,fusion,False,True,RFE,0.0,0
15,ElasticNet,V(mean),0.16209141940693142,-0.05571947349344177,fusion,False,True,RFE,0.0,0
15,Ridge,V(mean),0.11414951640247106,0.463068918594763,fusion,False,True,RFE,0.0,0
15,kNN,V(mean),0.13114563012772337,0.30717071324604533,fusion,False,True,RFE,0.0,0
15,SVRrbf,V(mean),0.12271654899861359,0.3927072879096726,fusion,False,True,RFE,0.0,0
15,SVRpoly,V(mean),0.14221740155463286,0.1659797095151008,fusion,False,True,RFE,0.0,0
15,SVRlinear,V(mean),0.12096824018564704,0.3980198742966392,fusion,False,True,RFE,0.0,0
15,DT,V(mean),0.14586617200202528,0.10163511096900457,fusion,False,True,RFE,0.0,0
15,RF,V(mean),0.13793610299697823,0.252670451738347,fusion,False,True,RFE,0.0,0
15,LR,A(mean),0.10957689482394131,0.6186093083776837,fusion,False,True,RFE,0.0,0
15,Lasso,A(mean),0.18445236779445312,-0.039253879148525336,fusion,False,True,RFE,0.0,0
15,ElasticNet,A(mean),0.18445236779445312,-0.039253879148525336,fusion,False,True,RFE,0.0,0
15,Ridge,A(mean),0.10300612536264356,0.6633508814118325,fusion,False,True,RFE,0.0,0
15,kNN,A(mean),0.12577665597678075,0.5106534121498219,fusion,False,True,RFE,0.0,0
15,SVRrbf,A(mean),0.1102157932297703,0.6231514545031794,fusion,False,True,RFE,0.0,0
15,SVRpoly,A(mean),0.14000594891687118,0.3277018479915906,fusion,False,True,RFE,0.0,0
15,SVRlinear,A(mean),0.11204140125385649,0.5972857655552941,fusion,False,True,RFE,0.0,0
15,DT,A(mean),0.1310088105259291,0.4535824736951784,fusion,False,True,RFE,0.0,0
15,RF,A(mean),0.14771085695643546,0.3148145977409939,fusion,False,True,RFE,0.0,0
15,LR,V(std),0.04649700610692643,-0.05657033012630316,fusion,False,True,RFE,0.0,0
15,Lasso,V(std),0.04589012877926229,-0.02637164777788272,fusion,False,True,RFE,0.0,0
15,ElasticNet,V(std),0.04589012877926229,-0.02637164777788272,fusion,False,True,RFE,0.0,0
15,Ridge,V(std),0.046357112857878795,-0.049763131419781635,fusion,False,True,RFE,0.0,0
15,kNN,V(std),0.050228421036436544,-0.23491577040423692,fusion,False,True,RFE,0.0,0
15,SVRrbf,V(std),0.04925798084288443,-0.189420721913203,fusion,False,True,RFE,0.0,0
15,SVRpoly,V(std),0.053870981441684826,-0.44664536506111185,fusion,False,True,RFE,0.0,0
15,SVRlinear,V(std),0.04856059901669876,-0.15782785171094071,fusion,False,True,RFE,0.0,0
15,DT,V(std),0.048987179099145635,-0.13952906699557016,fusion,False,True,RFE,0.0,0
15,RF,V(std),0.046292937847454446,-0.06239065752582869,fusion,False,True,RFE,0.0,0
15,LR,A(std),0.04458930987935726,0.09395680183675609,fusion,False,True,RFE,0.0,0
15,Lasso,A(std),0.047309449376286436,-0.01277272859291274,fusion,False,True,RFE,0.0,0
15,ElasticNet,A(std),0.047309449376286436,-0.01277272859291274,fusion,False,True,RFE,0.0,0
15,Ridge,A(std),0.04417562771658057,0.1133414319917021,fusion,False,True,RFE,0.0,0
15,kNN,A(std),0.04692324970307724,-0.006073339693917423,fusion,False,True,RFE,0.0,0
15,SVRrbf,A(std),0.05019789850400195,-0.14848903676379538,fusion,False,True,RFE,0.0,0
15,SVRpoly,A(std),0.05022720737928377,-0.1431931156144991,fusion,False,True,RFE,0.0,0
15,SVRlinear,A(std),0.048543461637257486,-0.0748070958308033,fusion,False,True,RFE,0.0,0
15,DT,A(std),0.05032466981054008,-0.18641564504209612,fusion,False,True,RFE,0.0,0
15,RF,A(std),0.045660930708889685,0.054362870326899994,fusion,False,True,RFE,0.0,0
16,LR,V(mean),0.11144456908199467,0.48635767067290575,fusion,False,True,embedded,0.0,0
16,Lasso,V(mean),0.16209141940693142,-0.05571947349344177,fusion,False,True,embedded,0.0,0
16,ElasticNet,V(mean),0.16209141940693142,-0.05571947349344177,fusion,False,True,embedded,0.0,0
16,Ridge,V(mean),0.11127537139200532,0.4880067052202347,fusion,False,True,embedded,0.0,0
16,kNN,V(mean),0.12235899392228275,0.3943694088806556,fusion,False,True,embedded,0.0,0
16,SVRrbf,V(mean),0.11760000489136743,0.4360333768519074,fusion,False,True,embedded,0.0,0
16,SVRpoly,V(mean),0.13511926879256214,0.23634705120442456,fusion,False,True,embedded,0.0,0
16,SVRlinear,V(mean),0.11383560687225058,0.46608632458167093,fusion,False,True,embedded,0.0,0
16,DT,V(mean),0.14018274164595806,0.1992515795297176,fusion,False,True,embedded,0.0,0
16,RF,V(mean),0.1275249529882329,0.3375073884038458,fusion,False,True,embedded,0.0,0
16,LR,A(mean),0.09641112506636598,0.70354526195779,fusion,False,True,embedded,0.0,0
16,Lasso,A(mean),0.18445236779445312,-0.039253879148525336,fusion,False,True,embedded,0.0,0
16,ElasticNet,A(mean),0.18445236779445312,-0.039253879148525336,fusion,False,True,embedded,0.0,0
16,Ridge,A(mean),0.09626738623344011,0.7046768913976444,fusion,False,True,embedded,0.0,0
16,kNN,A(mean),0.1164786919357796,0.5716577812396559,fusion,False,True,embedded,0.0,0
16,SVRrbf,A(mean),0.10930311866084427,0.6288276048077976,fusion,False,True,embedded,0.0,0
16,SVRpoly,A(mean),0.14452991668543638,0.3372656382271084,fusion,False,True,embedded,0.0,0
16,SVRlinear,A(mean),0.09862880185924058,0.6910914251993063,fusion,False,True,embedded,0.0,0
16,DT,A(mean),0.12507366897925326,0.4904023945753958,fusion,False,True,embedded,0.0,0
16,RF,A(mean),0.13268647838364134,0.45184103536547726,fusion,False,True,embedded,0.0,0
16,LR,V(std),0.045076466596023226,0.009988859456750866,fusion,False,True,embedded,0.0,0
16,Lasso,V(std),0.04589012877926229,-0.02637164777788272,fusion,False,True,embedded,0.0,0
16,ElasticNet,V(std),0.04589012877926229,-0.02637164777788272,fusion,False,True,embedded,0.0,0
16,Ridge,V(std),0.04506930153601416,0.010308925432702943,fusion,False,True,embedded,0.0,0
16,kNN,V(std),0.04837057895540022,-0.14345598921444921,fusion,False,True,embedded,0.0,0
16,SVRrbf,V(std),0.047075965432564815,-0.08298494594256992,fusion,False,True,embedded,0.0,0
16,SVRpoly,V(std),0.04938370428938569,-0.19379237343442068,fusion,False,True,embedded,0.0,0
16,SVRlinear,V(std),0.04757311714116837,-0.10444816221917656,fusion,False,True,embedded,0.0,0
16,DT,V(std),0.05027865646103581,-0.2459482617607276,fusion,False,True,embedded,0.0,0
16,RF,V(std),0.045496089746660355,0.009810932466594747,fusion,False,True,embedded,0.0,0
16,LR,A(std),0.04300356851654032,0.16013559695112414,fusion,False,True,embedded,0.0,0
16,Lasso,A(std),0.047309449376286436,-0.01277272859291274,fusion,False,True,embedded,0.0,0
16,ElasticNet,A(std),0.047309449376286436,-0.01277272859291274,fusion,False,True,embedded,0.0,0
16,Ridge,A(std),0.04300100639342845,0.16024042081566808,fusion,False,True,embedded,0.0,0
16,kNN,A(std),0.044806074227454896,0.08723172861429859,fusion,False,True,embedded,0.0,0
16,SVRrbf,A(std),0.050213076419010905,-0.14954458736605666,fusion,False,True,embedded,0.0,0
16,SVRpoly,A(std),0.05098737043983335,-0.18979459755748979,fusion,False,True,embedded,0.0,0
16,SVRlinear,A(std),0.04830357612530929,-0.0685712824952506,fusion,False,True,embedded,0.0,0
16,DT,A(std),0.04784057858542344,-0.057385260503513814,fusion,False,True,embedded,0.0,0
16,RF,A(std),0.04368283826691565,0.12264608136150552,fusion,False,True,embedded,0.0,0
17,LR,V(mean),0.12530572292149894,0.3579879131699357,fusion,False,True,RreliefF,0.0,10
17,Lasso,V(mean),0.16209141940693142,-0.05571947349344177,fusion,False,True,RreliefF,0.0,10
17,ElasticNet,V(mean),0.16209141940693142,-0.05571947349344177,fusion,False,True,RreliefF,0.0,10
17,Ridge,V(mean),0.12525426726856048,0.3584735080827083,fusion,False,True,RreliefF,0.0,10
17,kNN,V(mean),0.13575649618978378,0.2512315434639937,fusion,False,True,RreliefF,0.0,10
17,SVRrbf,V(mean),0.1269039851244506,0.3447747921880303,fusion,False,True,RreliefF,0.0,10
17,SVRpoly,V(mean),0.1666938570631789,-0.15179257418563746,fusion,False,True,RreliefF,0.0,10
17,SVRlinear,V(mean),0.12591939351158396,0.3527883363444132,fusion,False,True,RreliefF,0.0,10
17,DT,V(mean),0.13859568232981181,0.20040129471204038,fusion,False,True,RreliefF,0.0,10
17,RF,V(mean),0.12860374736981045,0.334174990759389,fusion,False,True,RreliefF,0.0,10
17,LR,A(mean),0.10848004398940236,0.6233305115475563,fusion,False,True,RreliefF,0.0,10
17,Lasso,A(mean),0.18445236779445312,-0.039253879148525336,fusion,False,True,RreliefF,0.0,10
17,ElasticNet,A(mean),0.18445236779445312,-0.039253879148525336,fusion,False,True,RreliefF,0.0,10
17,Ridge,A(mean),0.10832666279929774,0.6243595988884714,fusion,False,True,RreliefF,0.0,10
17,kNN,A(mean),0.11421528242711088,0.5745911830827881,fusion,False,True,RreliefF,0.0,10
17,SVRrbf,A(mean),0.11269982697479057,0.5914800048536732,fusion,False,True,RreliefF,0.0,10
17,SVRpoly,A(mean),0.15271408757795105,0.24745754105336584,fusion,False,True,RreliefF,0.0,10
17,SVRlinear,A(mean),0.10894604057080719,0.6197177097330698,fusion,False,True,RreliefF,0.0,10
17,DT,A(mean),0.12727313656068998,0.48592856595225065,fusion,False,True,RreliefF,0.0,10
17,RF,A(mean),0.11231178311347131,0.5914690897059136,fusion,False,True,RreliefF,0.0,10
17,LR,V(std),0.04625901452164953,-0.04278525831923743,fusion,False,True,RreliefF,0.0,10
17,Lasso,V(std),0.04589012877926229,-0.02637164777788272,fusion,False,True,RreliefF,0.0,10
17,ElasticNet,V(std),0.04589012877926229,-0.02637164777788272,fusion,False,True,RreliefF,0.0,10
17,Ridge,V(std),0.04622041944087047,-0.041096470075817335,fusion,False,True,RreliefF,0.0,10
17,kNN,V(std),0.05013882494198477,-0.2371848036439282,fusion,False,True,RreliefF,0.0,10
17,SVRrbf,V(std),0.049738528331975236,-0.21361557410462226,fusion,False,True,RreliefF,0.0,10
17,SVRpoly,V(std),0.04935021148993414,-0.19560792785729472,fusion,False,True,RreliefF,0.0,10
17,SVRlinear,V(std),0.04880140041415001,-0.16762698862950023,fusion,False,True,RreliefF,0.0,10
17,DT,V(std),0.047297694612442834,-0.08707020650800065,fusion,False,True,RreliefF,0.0,10
17,RF,V(std),0.04610994626992753,-0.03696374226776798,fusion,False,True,RreliefF,0.0,10
17,LR,A(std),0.04504235697860591,0.08093459588213724,fusion,False,True,RreliefF,0.0,10
17,Lasso,A(std),0.047309449376286436,-0.01277272859291274,fusion,False,True,RreliefF,0.0,10
17,ElasticNet,A(std),0.047309449376286436,-0.01277272859291274,fusion,False,True,RreliefF,0.0,10
17,Ridge,A(std),0.04496954569590148,0.08360144832730106,fusion,False,True,RreliefF,0.0,10
17,kNN,A(std),0.04844886269583581,-0.07333713245937626,fusion,False,True,RreliefF,0.0,10
17,SVRrbf,A(std),0.05173490047078984,-0.2173242732977873,fusion,False,True,RreliefF,0.0,10
17,SVRpoly,A(std),0.054323903743870375,-0.3874172980139373,fusion,False,True,RreliefF,0.0,10
17,SVRlinear,A(std),0.05061202078317367,-0.16314304668283028,fusion,False,True,RreliefF,0.0,10
17,DT,A(std),0.04693045133980816,-0.03718406615506322,fusion,False,True,RreliefF,0.0,10
17,RF,A(std),0.044578076708337,0.091897478209051,fusion,False,True,RreliefF,0.0,10
